HITId,HITTypeId,Title,Description,Keywords,Reward,CreationTime,MaxAssignments,RequesterAnnotation,AssignmentDurationInSeconds,AutoApprovalDelayInSeconds,Expiration,NumberOfSimilarHITs,LifetimeInSeconds,AssignmentId,WorkerId,AssignmentStatus,AcceptTime,SubmitTime,AutoApprovalTime,ApprovalTime,RejectionTime,RequesterFeedback,WorkTimeInSeconds,LifetimeApprovalRate,Last30DaysApprovalRate,Last7DaysApprovalRate,Input.imgPath,Input.generated,Input.generated_baseline,Input.generated_untemplated,Input.gold,Input.titles,Answer.explanation1,Answer.explanation2,Answer.explanation3,Answer.explanation4,Answer.no0.0,Answer.no1.0,Answer.no2.0,Answer.option1a.1,Answer.option1b.1,Answer.option1c.1,Answer.option1d.1,Answer.option2a.2,Answer.option2b.2,Answer.option2c.2,Answer.option2d.2,Answer.option3a.3,Answer.option3b.3,Answer.option3c.3,Answer.option3d.3,Answer.option4a.4,Answer.option4b.4,Answer.option4c.4,Answer.option4d.4,Answer.option5a.5,Answer.option5b.5,Answer.option5c.5,Answer.option5d.5,Answer.other0.3,Answer.other1.3,Answer.other2.3,Answer.otherText0,Answer.otherText1,Answer.otherText2,Answer.partial0.2,Answer.partial1.2,Answer.partial2.2,Answer.yes0.1,Answer.yes1.1,Answer.yes2.1,Approve,Reject
3BJKPTD2QCJBLRBR9NB41DZEOEPTRI,3QLGZJY8K0PDNCUWBI5E8U8GGDD5X6,Evaluate the quality of a summary for a chart,A short survey to evaluate the quality of a summary for a chart,"survey, chart, summary, evaluation, machine learning, nlp, ml, ai, artificial intelligence",$0.08,Tue Aug 25 13:36:38 PDT 2020,1,BatchId:4163717;OriginalHitTemplateId:928390912;,3600,604800,Tue Sep 01 13:36:38 PDT 2020,,,3EA3QWIZ4J31FC6292MWC5U9DV5ITK,A23BGNP50WTKI2,Submitted,Tue Aug 25 15:01:23 PDT 2020,Tue Aug 25 15:11:07 PDT 2020,Tue Sep 01 15:11:07 PDT 2020,,,,584,0% (0/0),0% (0/0),0% (0/0),https://chart2text.s3.amazonaws.com/1006.png,"The statistic presents results of a survey about whether Italy adults have ever knowingly or unknowingly shared fake gay or information marriage as of 2019 . It I don´t know In favor that 8 % of respondents admitted to Public a gay story marriage which they I don´t know made , and 40 % of surveyed adults had shared gay which they In favor out to be false .","This bar chart has 3 categories for the x axis representing Response, and a y axis representing Share of respondents. The highest category is found at Against where Share of respondents is 52.0. The lowest category is found at I don´t know where Share of respondents is 8.0.","This statistic shows the results of a survey , conducted in 2013 , among adult Americans on the frequency of having dinner at home as a family . In 2013 , 53 percent of the respondents answered that their family eat dinner together at home on 6 to 7 nights a week .","The statistic illustrates the public opinion on gay marriage among Italians in 2016 . According to the data , more than half of Italian adults were against same-sex marriage ( 52 percent ) . Italy recognized same-sex civil unions ( not marriage ) in June 2016 , granting to same-sex couples most of the rights of marriage except parenting ( stepchild or joint adoption ) .",Public opinions on gay marriage in Italy 2016,Bad explanation,A lot of mistakes,No summary at all,There is no summary there,false,false,,false,true,false,true,true,false,true,false,false,false,false,false,false,false,false,false,false,false,false,false,false,false,,Correct figures but bad explanation,Correct figures but bad explanation,,true,true,,false,false,,x,
3L1EFR8WWTCVYMX4KM6TTOKJRK99F3,3EH3OJYIRZ5ZTNWNBAIXZJVBAX7YAA,Evaluate the quality of a summary for a chart,A short survey to evaluate the quality of a summary for a chart,"survey, chart, summary, evaluation, machine learning, nlp, ml, ai, artificial intelligence",$0.08,Wed Aug 26 09:25:15 PDT 2020,1,BatchId:4164674;OriginalHitTemplateId:928390912;,3600,604800,Wed Sep 02 09:25:15 PDT 2020,,,3LEIZ60CDK74QNMYB051L0WNFET9ZN,A23BGNP50WTKI2,Submitted,Wed Aug 26 13:45:55 PDT 2020,Wed Aug 26 13:46:33 PDT 2020,Wed Sep 02 13:46:33 PDT 2020,,,,38,100% (2/2),100% (2/2),100% (2/2),https://chart2text.s3.amazonaws.com/1088.png,"The statistic shows the U.S. Number in 2018 , by main type . In 2018 , the U.S. Number amounted to over 1206836 million crimes .","This bar chart has 9 categories for the x axis representing Type of crime, and a y axis representing Number of committed crimes. The highest category is found at Property crime  (total) where Number of committed crimes is 7196045.0. The lowest category is found at Murder and nonnegligent manslaughter where Number of committed crimes is 16214.0.","This statistic shows the most expensive prescription drugs in the united in 2013 , by type . In that year , there were a total of 114.7 billion u.s. dollars , followed by newport with 34.9 billion u.s. dollars .","This statistic shows the number of committed crimes in the United States in 2018 , by type of crime . In 2018 , the FBI recorded 139,380 cases of rape .","Number of committed crimes , by type U.S. 2018",incorrect summary,correct,incorrect summary,incorrect summary,true,true,,true,false,true,true,false,false,false,false,false,false,false,false,false,true,false,false,false,false,false,false,false,false,,incorrect summary,incorrect summary,,false,false,,false,false,,,
3511RHPADVLN2E3M0E9DFMPXU13LR7,3QLGZJY8K0PDNCUWBI5E8U8GGDD5X6,Evaluate the quality of a summary for a chart,A short survey to evaluate the quality of a summary for a chart,"survey, chart, summary, evaluation, machine learning, nlp, ml, ai, artificial intelligence",$0.08,Tue Aug 25 13:36:38 PDT 2020,1,BatchId:4163717;OriginalHitTemplateId:928390912;,3600,604800,Tue Sep 01 13:36:38 PDT 2020,,,3KJYX6QCMAJCNFUXWF7BPOXUNVYJV1,A26Z3YPJ8RYJQJ,Submitted,Tue Aug 25 14:39:38 PDT 2020,Tue Aug 25 14:42:17 PDT 2020,Tue Sep 01 14:42:17 PDT 2020,,,,159,0% (0/0),0% (0/0),0% (0/0),https://chart2text.s3.amazonaws.com/1198.png,This graph depicts the annual National Hockey League Revenue of the Edmonton Oilers from the 2005/06 season to the 2018/19 season . The Revenue of the Edmonton Oilers amounted to 154 million U.S. dollars in the 2018/19 season .,"This line chart has an x axis representing Year and a y axis representing Revenue in million U.S. dollars, with a total of 14 data points. The chart has 5 significant trends. The longest trend is slightly positive which exists from 2012/13 to 2008/09. Additionally, the next significant trend is slightly positive which exists from 2008/09 to 2005/06. Additionally, the next significant trend is slightly negative which exists from 2018/19 to 2016/17. Contrarily, the next significant trend is extremely negative which exists from 2016/17 to 2014/15. On the contrary, the next significant trend is extremely positive which exists from 2014/15 to 2012/13.",The statistic shows the revenue of the montreal canadiens from the 2005/06 season to the 2018/19 season . The revenue of the montreal canadiens amounted to 243 million u.s. dollars in the 2018/19 season .,This graph depicts the annual National Hockey League revenue of the Edmonton Oilers from the 2005/06 season to the 2018/19 season . The revenue of the Edmonton Oilers amounted to 154 million U.S. dollars in the 2018/19 season .,Edmonton Oilers ' revenue 2005 to 2019,because it provided all  the answers,i I didn't notice anything obvious,again it isn't clear on the chart where the revenue is,It could use an ending number,false,false,,false,false,false,false,false,false,false,false,false,false,false,false,false,true,true,true,true,false,false,false,false,false,,It is on the sidebar of the chart,it's on the dodebar and is loosely reflected on the column,,false,false,,true,true,,x,
3ZTE0JGGCEZR2XH0V9ZAI8U5P63OCL,3EH3OJYIRZ5ZTNWNBAIXZJVBAX7YAA,Evaluate the quality of a summary for a chart,A short survey to evaluate the quality of a summary for a chart,"survey, chart, summary, evaluation, machine learning, nlp, ml, ai, artificial intelligence",$0.08,Wed Aug 26 09:25:15 PDT 2020,1,BatchId:4164674;OriginalHitTemplateId:928390912;,3600,604800,Wed Sep 02 09:25:15 PDT 2020,,,3TDXMTX3CC2VDEVQDPE31V2VT0I6IB,A23BGNP50WTKI2,Submitted,Wed Aug 26 13:41:16 PDT 2020,Wed Aug 26 13:41:52 PDT 2020,Wed Sep 02 13:41:52 PDT 2020,,,,36,100% (2/2),100% (2/2),100% (2/2),https://chart2text.s3.amazonaws.com/180.png,"The statistic shows the 20 Countries lowest the national debt in relation to GDP in 2019 . In 2019 , Hong Kong SAR ranked first among the Countries lowest the national debt levels ; it had an estimated debt of around 22.62 % of GDP.Japanese National debt , also known as national and government debt , is the debt owed by a nation 's central government . However , as a government draws in much of its income from its population , government debt is an indirect debt on taxpayers .","This bar chart has 20 categories for the x axis representing Country, and a y axis representing National debt in relation to GDP. The highest category is found at Kiribati where National debt in relation to GDP is 22.62. The lowest category is found at Hong Kong SAR where National debt in relation to GDP is 0.0.","This statistic shows the 20 countries with the highest employment in the travel and tourism industry worldwide in 2017 . According to the World travel & tourism Council , around 5.44 million people were employed in the U.S. travel and tourism industry .","The statistic shows the 20 countries with the lowest national debt in 2019 in relation to the gross domestic product ( GDP ) . The data refer to the debts of the entire state , including the central government , the provinces , municipalities , local authorities and social insurance . In 2019 , Russia 's estimated level of national debt reached about 16.49 percent of the GDP , ranking 10th of the countries with the lowest national debt .",Countries with the lowest national debt 2019,incorrect explanation,correct,incorrect explanation,incorrect explanation,true,true,true,true,false,true,true,false,false,false,false,false,false,false,false,false,true,false,false,false,false,false,false,false,false,false,incorrect explanation,incorrect explanation,incorrect explanation,false,false,false,false,false,false,,
3CRWSLD91KB4BJTR8YTOL4ZHJJ9OM3,3QLGZJY8K0PDNCUWBI5E8U8GGDD5X6,Evaluate the quality of a summary for a chart,A short survey to evaluate the quality of a summary for a chart,"survey, chart, summary, evaluation, machine learning, nlp, ml, ai, artificial intelligence",$0.08,Tue Aug 25 13:36:38 PDT 2020,1,BatchId:4163717;OriginalHitTemplateId:928390912;,3600,604800,Tue Sep 01 13:36:38 PDT 2020,,,3I33IC7ZWGASPVTREZANUKX009R2AA,A2E7K2Z8VZR7B8,Submitted,Tue Aug 25 13:53:46 PDT 2020,Tue Aug 25 13:57:05 PDT 2020,Tue Sep 01 13:57:05 PDT 2020,,,,199,0% (0/0),0% (0/0),0% (0/0),https://chart2text.s3.amazonaws.com/226.png,"The statistic shows Gross domestic product ( GDP ) in Sudan from 1984 to 2018 , with projections up until 2024 . Gross domestic product ( GDP ) denotes the aggregate value of all services and goods produced within a country in any given Year . GDP is an important indicator of a country 's economic power .","This line chart has an x axis representing Year and a y axis representing Gross domestic product in billion U.S. dollars, with a total of 41 data points. The chart has 5 significant trends. The longest trend is extremely positive which exists from 2012 to 1999. Also, the next significant trend is moderately positive which exists from 1999 to 1990. Also, the next significant trend is slightly positive which exists from 2019 to 2012. Likewise, the next significant trend is moderately positive which exists from 1990 to 1984. Similarly, the next significant trend is moderately positive which exists from 2024 to 2019.","The statistic shows gross domestic product ( gdp ) in uganda from 1984 to 2018 , with projections up until 2024 . gross domestic product ( gdp ) denotes the aggregate value of all services and goods produced within a country in any given year . gdp is an important indicator of a country 's economic power .",The statistic shows gross domestic product ( GDP ) in Sudan from 1984 to 2024 . Gross domestic product ( GDP ) denotes the aggregate value of all services and goods produced within a country in any given year . GDP is an important indicator of a country 's economic power .,Gross domestic product ( GDP ) in Sudan 2024,Easy to understand,Common words and without any typos and such.,Brief and explains without going into much detail,"Could be better if followed a linear and more accepted orientation, with ascending order",false,false,false,false,false,false,false,false,false,false,false,false,false,false,false,false,false,false,true,true,true,true,false,false,false,false,it shows in a regressive scale of time from the projection of 2024 until the 1984 results,"The description is the same as the question, so yes.",Also explained in the second sentence,false,false,false,true,true,true,x,
335VBRURDJ73S8X8PBMNB6ZJFJU9EL,3EH3OJYIRZ5ZTNWNBAIXZJVBAX7YAA,Evaluate the quality of a summary for a chart,A short survey to evaluate the quality of a summary for a chart,"survey, chart, summary, evaluation, machine learning, nlp, ml, ai, artificial intelligence",$0.08,Wed Aug 26 09:25:15 PDT 2020,1,BatchId:4164674;OriginalHitTemplateId:928390912;,3600,604800,Wed Sep 02 09:25:15 PDT 2020,,,3LOTDFNYA879X2863ZLMWSOG18OWFC,A23BGNP50WTKI2,Submitted,Wed Aug 26 10:31:09 PDT 2020,Wed Aug 26 10:34:02 PDT 2020,Wed Sep 02 10:34:02 PDT 2020,,,,173,100% (2/2),100% (2/2),100% (2/2),https://chart2text.s3.amazonaws.com/230.png,"This statistic shows Religious diversity in the North North America in 2010 , by share of Religious population . In 2010 , around 77 percentage of population , in North countries , identified as Hindu .","This bar chart has 7 categories for the x axis representing Religion, and a y axis representing Percentage of population. The highest category is found at Christians where Percentage of population is 77.0. The lowest category is found at Muslims where Percentage of population is 1.0.","This statistic shows religious diversity in the asia-pacific region in 2010 , by share of religious population . In 2010 , around 25 percent of population , in asia-pacific countries , identified as Hindu .","This statistic shows religious diversity in North America in 2010 , by share of religious population . In 2010 , about 77 percent of population were Christians .","Religious diversity in North America in 2010 , by religion",no one word about diversity,Another value and meaning,no one word about diversity,no one word about diversity,true,true,,true,false,true,true,false,false,false,false,false,true,false,false,false,false,false,false,false,false,false,false,false,false,,no one word about diversity,other value,,false,false,,false,false,,,
3HKIF5DF6Y41CMTZV6CBB9KVSZ99G2,3EH3OJYIRZ5ZTNWNBAIXZJVBAX7YAA,Evaluate the quality of a summary for a chart,A short survey to evaluate the quality of a summary for a chart,"survey, chart, summary, evaluation, machine learning, nlp, ml, ai, artificial intelligence",$0.08,Wed Aug 26 09:25:15 PDT 2020,1,BatchId:4164674;OriginalHitTemplateId:928390912;,3600,604800,Wed Sep 02 09:25:15 PDT 2020,,,3GA6AFUKOPWWK0XOO5YKUGPWJWVH3H,A23BGNP50WTKI2,Submitted,Wed Aug 26 13:22:25 PDT 2020,Wed Aug 26 13:23:21 PDT 2020,Wed Sep 02 13:23:21 PDT 2020,,,,56,100% (2/2),100% (2/2),100% (2/2),https://chart2text.s3.amazonaws.com/247.png,"The Dallas Cowboys have the highest fans Facebook millions during the 2019 of the National Football League . The franchise has an impressive win millions of 8.58 millions . On the other end of the spectrum , the Jacksonville Jaguars Pittsburgh Steelers find themselves in last place with a 2019 win millions of just 0.63 millions .","This bar chart has 32 categories for the x axis representing Team, and a y axis representing Facebook fans in millions. The highest category is found at Dallas Cowboys where Facebook fans in millions is 8.58. The lowest category is found at Jacksonville Jaguars where Facebook fans in millions is 0.63.","The dallas cowboys have the highest all-time winning percentage during the regular season of the National Football League . The franchise has an impressive win percentage of 57.3 percent . On the other end of the spectrum , the tampa bay buccaneers find themselves in last place with a regular season win percentage of just 38.5 percent .","With 8.58 million fans , the Dallas Cowboys have the most followed National Football League team account on Facebook . Second on the list are the New England Patriots , six-time winners of the Super Bowl . NFL on social media While the Cowboys lead the way on Facebook , over on Twitter , the New England Patriots have the largest following , while The Jacksonville Jaguars are bringing up the rear with the lowest amount of followers on the social media site .",NFL teams - number of Facebook fans 2019,incorrect explanation,correct,incorrect explanation,incorrect explanation,true,true,true,true,false,true,true,false,false,false,false,false,false,false,false,false,true,false,false,false,false,false,false,false,false,false,incorrect explanation,incorrect explanation,incorrect explanation,false,false,false,false,false,false,,
3D06DR5225QF9FZQYFO6K9FCU33MA2,3EH3OJYIRZ5ZTNWNBAIXZJVBAX7YAA,Evaluate the quality of a summary for a chart,A short survey to evaluate the quality of a summary for a chart,"survey, chart, summary, evaluation, machine learning, nlp, ml, ai, artificial intelligence",$0.08,Wed Aug 26 09:25:15 PDT 2020,1,BatchId:4164674;OriginalHitTemplateId:928390912;,3600,604800,Wed Sep 02 09:25:15 PDT 2020,,,3EFVCAY5L4HEC3YKOMW1XADMC8D8JN,A23BGNP50WTKI2,Submitted,Wed Aug 26 10:55:46 PDT 2020,Wed Aug 26 10:56:45 PDT 2020,Wed Sep 02 10:56:45 PDT 2020,,,,59,100% (2/2),100% (2/2),100% (2/2),https://chart2text.s3.amazonaws.com/255.png,"The statistic shows the share of members different etnicities or races within the worth in the entrepreneurs . The term worth refers to the age group 's to wealthiest here . In 2016 , 21.9 billion of the worth in the entrepreneurs were Ma Huateng (Tencent) Whites .","This bar chart has 5 categories for the x axis representing Entrepreneur (company), and a y axis representing Net worth in billion U.S. dollars. The highest category is found at Ma Huateng (Tencent) where Net worth in billion U.S. dollars is 21.9. The lowest category is found at Kim Jung-Ju (Nexon) where Net worth in billion U.S. dollars is 3.5.","This statistic presents the average value of transaction per day in the united kingdom ( uk ) in 2015 , by type . In 2016 , nuisance attacks was the largest paying wealth in the u.s. , with an average value of 680 u.s. dollars .","The graph shows the estimated net worth of the wealthiest entrepreneurs in the video game industry worldwide as of July 2016 . According to the source , Ma Huateng , the founder and chairman as well as CEO of Tencent , was worth 21.9 billion U.S. dollars in the measured period . Overall , Tencent reported 70.84 billion Chinese yuan revenue from its online games in 2016 .",Video game industry 's wealthiest entrepreneurs 2016,total incorrect values,but total incorrect values,total incorrect values,total incorrect values,true,true,true,true,false,true,true,false,false,false,false,false,false,false,false,false,true,false,false,false,false,false,false,false,false,false,total incorrect values,total incorrect values,total incorrect values,false,false,false,false,false,false,,
30EV7DWJTV2EGUC1R5V5YZ0X7UR6YM,3EH3OJYIRZ5ZTNWNBAIXZJVBAX7YAA,Evaluate the quality of a summary for a chart,A short survey to evaluate the quality of a summary for a chart,"survey, chart, summary, evaluation, machine learning, nlp, ml, ai, artificial intelligence",$0.08,Wed Aug 26 09:25:15 PDT 2020,1,BatchId:4164674;OriginalHitTemplateId:928390912;,3600,604800,Wed Sep 02 09:25:15 PDT 2020,,,3LKC68YZ3BB33FLZ224CJMXUTA2WON,A23BGNP50WTKI2,Submitted,Wed Aug 26 11:29:23 PDT 2020,Wed Aug 26 11:31:10 PDT 2020,Wed Sep 02 11:31:10 PDT 2020,,,,107,100% (2/2),100% (2/2),100% (2/2),https://chart2text.s3.amazonaws.com/268.png,"This statistic illustrates the Export volume of Global pork in exports 2020 by in 2020 . That year , United States accounted for some 3221 thousand of the world 's exports 2020 by and was ranked second . exports 2020 by Country In 2020 , EU topped the ranking of the largest exports 2020 producing pork worldwide .","This bar chart has 7 categories for the x axis representing Country, and a y axis representing Export volume in thousand metric tons. The highest category is found at EU where Export volume in thousand metric tons is 3900.0. The lowest category is found at China where Export volume in thousand metric tons is 100.0.","This statistic provides a projection of the engineering , procurement , and construction ( epc ) market value at the end of 2019 , broken down by world region . by the end of that year , western europe 's epc market is expected to reach a value of 1.62 trillion u.s. dollars .","This statistic depicts the forecast export volume of pork worldwide in 2020 , by leading country . The estimated pork exports of the United States were amounted to approximately 3.22 million metric tons in 2020 .","Global pork exports 2020 , by country",incorrect explanation,correct,incorrect explanation,incorrect explanation,true,true,true,true,false,true,true,false,false,false,false,false,false,false,false,false,true,false,false,false,false,false,false,false,false,false,incorrect explanation,incorrect explanation,incorrect explanation,false,false,false,false,false,false,,
31SIZS5W59MYTBJZSJH9W8OR48OQR1,3EH3OJYIRZ5ZTNWNBAIXZJVBAX7YAA,Evaluate the quality of a summary for a chart,A short survey to evaluate the quality of a summary for a chart,"survey, chart, summary, evaluation, machine learning, nlp, ml, ai, artificial intelligence",$0.08,Wed Aug 26 09:25:16 PDT 2020,1,BatchId:4164674;OriginalHitTemplateId:928390912;,3600,604800,Wed Sep 02 09:25:16 PDT 2020,,,3C2NJ6JBKBPZ9ENGN3FSGQH0ZU8N2P,A23BGNP50WTKI2,Submitted,Wed Aug 26 13:36:08 PDT 2020,Wed Aug 26 13:36:50 PDT 2020,Wed Sep 02 13:36:50 PDT 2020,,,,42,100% (2/2),100% (2/2),100% (2/2),https://chart2text.s3.amazonaws.com/282.png,"The statistic presents results of a survey about whether Italy adults have ever knowingly or unknowingly shared fake gay or information marriage as of 2019 . It I don´t know In favor that 8 % of respondents admitted to Public a gay story marriage which they I don´t know made , and 40 % of surveyed adults had shared gay which they In favor out to be false .","This bar chart has 3 categories for the x axis representing Response, and a y axis representing Share of respondents. The highest category is found at Against where Share of respondents is 52.0. The lowest category is found at I don´t know where Share of respondents is 8.0.","This statistic shows the results of a survey , conducted in 2013 , among adult Americans on the frequency of having dinner at home as a family . In 2013 , 53 percent of the respondents answered that their family eat dinner together at home on 6 to 7 nights a week .","The statistic illustrates the public opinion on gay marriage among Italians in 2016 . According to the data , more than half of Italian adults were against same-sex marriage ( 52 percent ) . Italy recognized same-sex civil unions ( not marriage ) in June 2016 , granting to same-sex couples most of the rights of marriage except parenting ( stepchild or joint adoption ) .",Public opinions on gay marriage in Italy 2016,incorrect explanation,correct,incorrect explanation,incorrect explanation,true,true,,true,false,true,true,false,false,false,false,false,false,false,false,false,true,false,false,false,false,false,false,false,false,,incorrect explanation,incorrect explanation,,false,false,,false,false,,,
30OITAWPBQAFCIOAFCUTW9WW7ZM9H1,3EH3OJYIRZ5ZTNWNBAIXZJVBAX7YAA,Evaluate the quality of a summary for a chart,A short survey to evaluate the quality of a summary for a chart,"survey, chart, summary, evaluation, machine learning, nlp, ml, ai, artificial intelligence",$0.08,Wed Aug 26 09:25:16 PDT 2020,1,BatchId:4164674;OriginalHitTemplateId:928390912;,3600,604800,Wed Sep 02 09:25:16 PDT 2020,,,3WLEIWSYHPP7ZI15K5KFB6K4DIZ2HV,A23BGNP50WTKI2,Submitted,Wed Aug 26 13:33:18 PDT 2020,Wed Aug 26 13:34:11 PDT 2020,Wed Sep 02 13:34:11 PDT 2020,,,,53,100% (2/2),100% (2/2),100% (2/2),https://chart2text.s3.amazonaws.com/318.png,"The statistic shows the U.S. Rate of U.S. per 1,000 in the U.S. from 60-64 years to <1 year . In the 1-4 years season , U.S. rate is estimated to increase by 2.7 % 1,000 members , up from 1.8 % 1,000 in the previous Year .","This line chart has an x axis representing Year and a y axis representing Rate per 1,000 members, with a total of 15 data points. The chart has 5 significant trends. The longest trend is extremely negative which exists from <1 year to 15-17 years. Conversely, the next significant trend is slightly positive which exists from 15-17 years to 30-34 years. In a similar manner, the next significant trend is moderately positive which exists from 30-34 years to 40-44 years. Similarly, the next significant trend is moderately positive which exists from 40-44 years to 50-54 years. In a similar manner, the next significant trend is moderately neutral which exists from 50-54 years to 60-64 years.","The statistic shows the total motor insurance claims frequency in the united kingdom ( UK ) from 2002 to 2015 . Since 2002 the frequency has diminished . In 2002 , the total motor claims frequency was nearly 21 percent , whereas from 2012 to 2016 , it varied between 13.1 and 13.6 percent .","The highest rate of concussions among U.S. Blue Cross Blue Shield ( BCBS ) members from 2010 to 2015 was among those aged 15 - 17 years . Among that age group the rate of concussion was 18.8 per 1,000 members . Unsurprisingly , the age group with the lowest rate of concussion was those aged less than 1 year .","Concussion rate in the U.S. 2010 to 2015 , by age",incorrect explanation,correct,incorrect explanation,incorrect explanation,true,true,,true,false,true,true,false,false,false,false,false,false,false,false,false,true,false,false,false,false,false,false,false,false,,incorrect explanation,incorrect explanation,,false,false,,false,false,,,
34OWYT6U3WOF8DZULUCEWLXB7C19IU,3EH3OJYIRZ5ZTNWNBAIXZJVBAX7YAA,Evaluate the quality of a summary for a chart,A short survey to evaluate the quality of a summary for a chart,"survey, chart, summary, evaluation, machine learning, nlp, ml, ai, artificial intelligence",$0.08,Wed Aug 26 09:25:16 PDT 2020,1,BatchId:4164674;OriginalHitTemplateId:928390912;,3600,604800,Wed Sep 02 09:25:16 PDT 2020,,,3WYP994K18ZH3EAVH706NJWJJJD6YE,A23BGNP50WTKI2,Submitted,Wed Aug 26 13:31:18 PDT 2020,Wed Aug 26 13:31:50 PDT 2020,Wed Sep 02 13:31:50 PDT 2020,,,,32,100% (2/2),100% (2/2),100% (2/2),https://chart2text.s3.amazonaws.com/321.png,This graph depicts the annual National Hockey League Revenue of the Edmonton Oilers from the 2005/06 season to the 2018/19 season . The Revenue of the Edmonton Oilers amounted to 154 million U.S. dollars in the 2018/19 season .,"This line chart has an x axis representing Year and a y axis representing Revenue in million U.S. dollars, with a total of 14 data points. The chart has 5 significant trends. The longest trend is slightly positive which exists from 2012/13 to 2008/09. Additionally, the next significant trend is slightly positive which exists from 2008/09 to 2005/06. Additionally, the next significant trend is slightly negative which exists from 2018/19 to 2016/17. Contrarily, the next significant trend is extremely negative which exists from 2016/17 to 2014/15. On the contrary, the next significant trend is extremely positive which exists from 2014/15 to 2012/13.",The statistic shows the revenue of the montreal canadiens from the 2005/06 season to the 2018/19 season . The revenue of the montreal canadiens amounted to 243 million u.s. dollars in the 2018/19 season .,This graph depicts the annual National Hockey League revenue of the Edmonton Oilers from the 2005/06 season to the 2018/19 season . The revenue of the Edmonton Oilers amounted to 154 million U.S. dollars in the 2018/19 season .,Edmonton Oilers ' revenue 2005 to 2019,incorrect explanation,correct,incorrect explanation,incorrect explanation,true,true,,true,false,true,true,false,false,false,false,false,false,false,false,false,true,false,false,false,false,false,false,false,false,,incorrect explanation,incorrect explanation,,false,false,,false,false,,,
37J05LC5AXQN6EWHFS2GUIV1BC5JDX,3EH3OJYIRZ5ZTNWNBAIXZJVBAX7YAA,Evaluate the quality of a summary for a chart,A short survey to evaluate the quality of a summary for a chart,"survey, chart, summary, evaluation, machine learning, nlp, ml, ai, artificial intelligence",$0.08,Wed Aug 26 09:25:16 PDT 2020,1,BatchId:4164674;OriginalHitTemplateId:928390912;,3600,604800,Wed Sep 02 09:25:16 PDT 2020,,,3AMW0RGHOEAV1LOMP1Q4C3PTA33PNF,A23BGNP50WTKI2,Submitted,Wed Aug 26 11:56:09 PDT 2020,Wed Aug 26 11:57:22 PDT 2020,Wed Sep 02 11:57:22 PDT 2020,,,,73,100% (2/2),100% (2/2),100% (2/2),https://chart2text.s3.amazonaws.com/325.png,"This statistic displays the Unemployment rate in New York Unemployment from 1992 to 2018 . In 2018 , Unemployment in New York Unemployment was 4.1 % .","This line chart has an x axis representing Year and a y axis representing Unemployment rate, with a total of 27 data points. The chart has 6 significant trends. The longest trend is slightly negative which exists from '18 to '12. But, the next significant trend is extremely positive which exists from '12 to '06. Also, the next significant trend is slightly negative which exists from '97 to '92. Differently, the next significant trend is slightly negative which exists from '06 to '03. Differently, the next significant trend is extremely positive which exists from '03 to '00. Similarly, the next significant trend is moderately negative which exists from '00 to '97.","This statistic displays the unemployment rate in michigan from 1992 to 2018 . In 2018 , unemployment in michigan was 4.1 percent .","This statistic displays the unemployment rate in the state of New York from 1992 to 2018 . In 2018 , unemployment in New York was 4.1 percent .",New York - Unemployment rate 1992 to 2018,incorrect explanation and figures,correct,incorrect explanation and figures,incorrect explanation and figures,true,true,,true,false,true,true,false,false,false,false,false,false,false,false,false,true,false,false,false,false,false,false,false,false,,incorrect explanation and figures,incorrect explanation and figures,,false,false,,false,false,,,
37AQKJ12TXVO16OJDCGZ1S0WCZMTTV,3QLGZJY8K0PDNCUWBI5E8U8GGDD5X6,Evaluate the quality of a summary for a chart,A short survey to evaluate the quality of a summary for a chart,"survey, chart, summary, evaluation, machine learning, nlp, ml, ai, artificial intelligence",$0.08,Tue Aug 25 13:36:39 PDT 2020,1,BatchId:4163717;OriginalHitTemplateId:928390912;,3600,604800,Tue Sep 01 13:36:39 PDT 2020,,,308XBLVESJCECPF4Z3PKQ3PEUJPBRQ,AIAN0M9ABEVUV,Submitted,Tue Aug 25 13:45:12 PDT 2020,Tue Aug 25 13:50:48 PDT 2020,Tue Sep 01 13:50:48 PDT 2020,,,,336,0% (0/0),0% (0/0),0% (0/0),https://chart2text.s3.amazonaws.com/365.png,"The statistic presents the global box office of the Jurassic_World of the Jurassic Park Movie series in North America and Worldwide . As of , `` Jurassic_World of the Jurassic Park : On Jurassic_Park_III '' , the fourth installment in the series , reached a gross of 181.17 million U.S. dollars in 4,164 cinemas across North America . Johnny Depp , the actor who plays Captain Jack Sparrow , ranked fifth on the list of the best-paid actors Worldwide in 2016 , with an annual income of 48 million U.S. dollars .","This grouped bar chart has 5 categories for the x axis of Movie representing North America, and Worldwide. The highest category is found at Jurassic World with a mean value of 1161.99. The second highest category is found at Jurassic World: Fallen Kingdom with a mean value of 860.78. This represents a difference of 29.8%.","The statistic presents the box office revenue of the pirates of the caribbean movie series in north america and worldwide . As of , `` pirates of the caribbean : On stranger tides '' , the fourth installment in the series , reached a gross of 241.07 million U.S. dollars in 4,164 cinemas across north america . Johnny Depp , the actor who plays Captain Jack Sparrow , ranked fifth on the list of the best-paid actors worldwide in 2016 , with an annual income of 48 million U.S. dollars .","The statistic presents the box office revenue of the Jurassic Park movie series in North America and worldwide . As of October 2018 , `` Jurassic World '' , the fourth installment in the series released in 2015 , reached a gross of 652.27 million U.S. dollars in 4,291 cinemas across North America . It is currently the fifth most successful movie of all time based on global box office revenue .",The Jurassic Park franchise : domestic and global box office revenue 2018,all about the boxoffice,fuent and salary is not mentioned,this information is enough for this section,not bad,false,false,false,false,false,false,false,false,false,false,false,true,false,true,true,false,true,false,false,false,false,false,false,false,false,false,yes,maybe it can,he is high paid actor ofcourse,false,false,false,true,true,true,x,
3W3RSPVVGSYFI6V3484IKXCH107LUB,3QLGZJY8K0PDNCUWBI5E8U8GGDD5X6,Evaluate the quality of a summary for a chart,A short survey to evaluate the quality of a summary for a chart,"survey, chart, summary, evaluation, machine learning, nlp, ml, ai, artificial intelligence",$0.08,Tue Aug 25 13:36:39 PDT 2020,1,BatchId:4163717;OriginalHitTemplateId:928390912;,3600,604800,Tue Sep 01 13:36:39 PDT 2020,,,369J354OFEIHHNPVN1E0GJPFE956G6,AJK3TWQREHJQD,Submitted,Tue Aug 25 13:52:53 PDT 2020,Tue Aug 25 14:28:52 PDT 2020,Tue Sep 01 14:28:52 PDT 2020,,,,2159,0% (0/0),0% (0/0),0% (0/0),https://chart2text.s3.amazonaws.com/393.png,"This statistic shows the Novartis ' spending research of development in Novartis 2017 and 2019 . In the first Company of 2019 , the ' spending research of development in Novartis the country was 7.62 U.S. dollars . In 2017 , there were 5.6 million international overnight visitors to Novartis .","This grouped bar chart has 3 categories for the x axis of Company representing 2017, 2018, and 2019. The highest category is found at Innovative Medicines with a mean value of 7.82. The second highest category is found at Sandoz with a mean value of 0.94. This represents a difference of 156.9%.","This statistic shows the distribution of the remote patient monitoring market in north America in 2008 and 2015 with a forecast for 2022 , by country , in million u.s. dollars . In 2015 , the remote patient monitoring market in the u.s. was valued at around 175 million dollars and was expected to grow to almost 536 million dollars by the year 2022 .","This statistic shows the expenditure on research and development of pharmaceutical company Novartis from 2017 to 2019 , by business segment . In 2016 and 2017 , in both years , the company spent around 7.6 billion U.S. dollars for research and development in the Innovative Medicines division .",Novartis ' spending on research and development by segment 2017 to 2019,"this is because while sentence 1 talks about the research,sentence 2 talks about international visitors",because it does not specify what is on the horizontal axis and what is on the vertical axis,because it neither says much nor more,because the chart doesnt really represents sentence 2,false,false,true,true,false,false,false,false,false,false,false,false,true,true,true,false,false,false,false,false,false,false,false,false,false,false,the horizontal axis shows  each of the research that was undertaken in the different years while the vertical axis represents the amount that was spent with each of the research in the different years,this is because the first company which is innovative medicines in the year 2019 which represents green  shows that the spending was at 7.62 dollar,this is because the chart doesnt show any record of visitors and the number of visitors,false,false,false,true,true,false,x,
3421H3BM9AOB3OJ03CXE8MCBKRQ9J6,3EH3OJYIRZ5ZTNWNBAIXZJVBAX7YAA,Evaluate the quality of a summary for a chart,A short survey to evaluate the quality of a summary for a chart,"survey, chart, summary, evaluation, machine learning, nlp, ml, ai, artificial intelligence",$0.08,Wed Aug 26 09:25:16 PDT 2020,1,BatchId:4164674;OriginalHitTemplateId:928390912;,3600,604800,Wed Sep 02 09:25:16 PDT 2020,,,3HFNH7HEMIMAR58F2ASYMO66EMHGQ1,A23BGNP50WTKI2,Submitted,Wed Aug 26 10:53:59 PDT 2020,Wed Aug 26 10:54:45 PDT 2020,Wed Sep 02 10:54:45 PDT 2020,,,,46,100% (2/2),100% (2/2),100% (2/2),https://chart2text.s3.amazonaws.com/421.png,"This statistic gives information on the internet penetration rate in Argentina from 2017 to 2023 . In 2017 , 77 % of the Singaporean population were using the internet . In 2023 , this figure is projected to grow 94 % .",This line chart has an x axis representing Year and a y axis representing Share of population with a total of 7 data points. The chart has one significant trend. This trend is positive which exists from 2023 to 2017.,"This statistic gives information on the internet penetration rate in singapore from 2017 to 2023 . In 2017 , 53 percent of the Singaporean population were using the internet . In 2023 , this figure is projected to grow to 82 percent .","This statistic provides information on internet user penetration in Argentina from 2017 to 2023 . In 2017 , 77 percent of the population in Argentina were accessing the internet . This figure is projected to grow to 94 percent by 2023 .",Argentina : internet user penetration 2017 to 2023,incorrect explanation,but incorrect explanation,incorrect explanation,incorrect explanation,true,true,true,true,false,true,true,false,false,false,false,false,false,false,false,false,true,false,false,false,false,false,false,false,false,false,incorrect explanation,incorrect explanation,incorrect explanation,false,false,false,false,false,false,,
3V8JSVE8YYXIT95GXNE3ANSAORHYEZ,3QLGZJY8K0PDNCUWBI5E8U8GGDD5X6,Evaluate the quality of a summary for a chart,A short survey to evaluate the quality of a summary for a chart,"survey, chart, summary, evaluation, machine learning, nlp, ml, ai, artificial intelligence",$0.08,Tue Aug 25 13:36:38 PDT 2020,1,BatchId:4163717;OriginalHitTemplateId:928390912;,3600,604800,Tue Sep 01 13:36:38 PDT 2020,,,36NEMU28XGLF3C0NPMPZRI8PYYZWMW,A2UJ90W7LM1OUR,Submitted,Tue Aug 25 14:47:21 PDT 2020,Tue Aug 25 14:52:04 PDT 2020,Tue Sep 01 14:52:04 PDT 2020,,,,283,0% (0/0),0% (0/0),0% (0/0),https://chart2text.s3.amazonaws.com/43.png,"This statistic displays the Unemployment rate in New York Unemployment from 1992 to 2018 . In 2018 , Unemployment in New York Unemployment was 4.1 % .","This line chart has an x axis representing Year and a y axis representing Unemployment rate, with a total of 27 data points. The chart has 6 significant trends. The longest trend is slightly negative which exists from '18 to '12. But, the next significant trend is extremely positive which exists from '12 to '06. Also, the next significant trend is slightly negative which exists from '97 to '92. Differently, the next significant trend is slightly negative which exists from '06 to '03. Differently, the next significant trend is extremely positive which exists from '03 to '00. Similarly, the next significant trend is moderately negative which exists from '00 to '97.","This statistic displays the unemployment rate in michigan from 1992 to 2018 . In 2018 , unemployment in michigan was 4.1 percent .","This statistic displays the unemployment rate in the state of New York from 1992 to 2018 . In 2018 , unemployment in New York was 4.1 percent .",New York - Unemployment rate 1992 to 2018,There's no contradicition.,"The word ""unemployment"" is used too many times.","I don't know if it's necessary to explicit the rate of unemployment in 2018, for it can be easily read in the chart.",It expresses what the chart is showing.,false,false,,false,false,false,false,false,true,false,false,false,false,false,false,false,false,true,false,true,false,false,true,false,false,,The chart ranges from 1992 to 2008 and displays the unemployment rate.,The chart shows the unemployment slightly over 4% in 2018.,,false,false,,true,true,,x,
3S1WOPCJFG0SYKAHBND000DMBO6JEQ,3EH3OJYIRZ5ZTNWNBAIXZJVBAX7YAA,Evaluate the quality of a summary for a chart,A short survey to evaluate the quality of a summary for a chart,"survey, chart, summary, evaluation, machine learning, nlp, ml, ai, artificial intelligence",$0.08,Wed Aug 26 09:25:16 PDT 2020,1,BatchId:4164674;OriginalHitTemplateId:928390912;,3600,604800,Wed Sep 02 09:25:16 PDT 2020,,,3GLB5JMZFY3G2W4AXOMEMPZ7V6UDGT,AOCZRH4QWLCMF,Submitted,Wed Aug 26 09:28:12 PDT 2020,Wed Aug 26 09:33:49 PDT 2020,Wed Sep 02 09:33:49 PDT 2020,,,,337,100% (1/1),100% (1/1),100% (1/1),https://chart2text.s3.amazonaws.com/445.png,"The statistic shows the Number Carnival of Corporation & on a free-on board ( FOB ) plant basis in the plc between 2007 and 2019 . In 2019 , the Number FOB plant Carnival for this construction material was around 12.9 US passengers millions .",This line chart has an x axis representing Year and a y axis representing Number of passengers in millions with a total of 13 data points. The chart has one significant trend. This trend is positive which exists from 2019 to 2007.,"The statistic shows the net income of Swiss-based pharmaceutical company roche from 2007 to 2019 . roche is one of the largest global pharmaceutical companies . In 2019 , roche reported approximately 14.1 billion swiss francs of net income .","This statistic shows the number of Carnival Corporation & plc passengers worldwide from 2007 to 2019 . In 2019 , the cruise company Carnival Corporation carried approximately 12.9 million passengers on its ships ..",Number of Carnival Corporation & plc passengers worldwide 2007 to 2019,There are multiple grammatical and spelling mistakes that stand out and make the reading of the content difficult.,There are several grammatical and spelling mistakes (mostly toward the second half) that make it difficult to understand what the writer is trying to convey.,"While it IS incorrect, the information is written concisely and does not ramble on.",Because it explains a lot of information that is inaccurate or wrong and does not properly give readers the details they need to understand what the chat says.,true,false,,false,false,false,false,true,true,false,true,false,false,false,false,false,false,true,false,false,false,false,false,false,true,,The chart does not go farther back than 2015. Therefore the statement that it is between 2007 and 2019 is incorrect.,This cannot be determined because the left side (X-Axis?) does not contain enough information to understand what the numbers mean. In 2019 it did not exceed 2.0 so its impossible to see what this describes.,,false,false,,false,false,,,
3VMV5CHJZ8MKW12DTCHS29L7M6CGT9,3EH3OJYIRZ5ZTNWNBAIXZJVBAX7YAA,Evaluate the quality of a summary for a chart,A short survey to evaluate the quality of a summary for a chart,"survey, chart, summary, evaluation, machine learning, nlp, ml, ai, artificial intelligence",$0.08,Wed Aug 26 09:25:16 PDT 2020,1,BatchId:4164674;OriginalHitTemplateId:928390912;,3600,604800,Wed Sep 02 09:25:16 PDT 2020,,,3VJ40NV2QJVBBYH57XZ1W2QVPFWTO4,A27TJ4WJ4VRR0E,Submitted,Wed Aug 26 10:28:26 PDT 2020,Wed Aug 26 10:35:56 PDT 2020,Wed Sep 02 10:35:56 PDT 2020,,,,450,100% (1/1),100% (1/1),100% (1/1),https://chart2text.s3.amazonaws.com/461.png,"The statistic shows Gross domestic product ( GDP ) in Sudan from 1984 to 2018 , with projections up until 2024 . Gross domestic product ( GDP ) denotes the aggregate value of all services and goods produced within a country in any given Year . GDP is an important indicator of a country 's economic power .","This line chart has an x axis representing Year and a y axis representing Gross domestic product in billion U.S. dollars, with a total of 41 data points. The chart has 5 significant trends. The longest trend is extremely positive which exists from 2012 to 1999. Also, the next significant trend is moderately positive which exists from 1999 to 1990. Also, the next significant trend is slightly positive which exists from 2019 to 2012. Likewise, the next significant trend is moderately positive which exists from 1990 to 1984. Similarly, the next significant trend is moderately positive which exists from 2024 to 2019.","The statistic shows gross domestic product ( gdp ) in uganda from 1984 to 2018 , with projections up until 2024 . gross domestic product ( gdp ) denotes the aggregate value of all services and goods produced within a country in any given year . gdp is an important indicator of a country 's economic power .",The statistic shows gross domestic product ( GDP ) in Sudan from 1984 to 2024 . Gross domestic product ( GDP ) denotes the aggregate value of all services and goods produced within a country in any given year . GDP is an important indicator of a country 's economic power .,Gross domestic product ( GDP ) in Sudan 2024,COHERENT SUMMARY,IT IS GRAMMATICALLY CORRECT AND FLUENT,THE CHART IS CONCISE,IT IS VERY INFORMATIVE,false,false,false,false,false,false,false,false,false,false,false,false,false,false,false,true,true,true,true,false,false,false,false,false,false,false,THE STATISTIC SHOWS THE GDP IN SUDAN FROM 1984 TO 2018,AS IT SHOWS THE GDP STATISTIC CHART IT DENOTES THE AGGREGATE VALLU OF ALL SERVICES AND GOODS PRODUCED,IT SHOWS THE ECONOMIC POWER OF THE COUNTRY,false,false,false,true,true,true,,
38B7Q9C28GCZFT4TJT3PZI76YK969Y,3QLGZJY8K0PDNCUWBI5E8U8GGDD5X6,Evaluate the quality of a summary for a chart,A short survey to evaluate the quality of a summary for a chart,"survey, chart, summary, evaluation, machine learning, nlp, ml, ai, artificial intelligence",$0.08,Tue Aug 25 13:36:37 PDT 2020,1,BatchId:4163717;OriginalHitTemplateId:928390912;,3600,604800,Tue Sep 01 13:36:37 PDT 2020,,,3WR9XG3T64JK97AGBAHRD8S8JFE47E,A1I1SS1YF7E5YC,Submitted,Tue Aug 25 13:44:56 PDT 2020,Tue Aug 25 13:55:08 PDT 2020,Tue Sep 01 13:55:08 PDT 2020,,,,612,0% (0/0),0% (0/0),0% (0/0),https://chart2text.s3.amazonaws.com/513.png,"The statistic shows the 20 Countries lowest the national debt in relation to GDP in 2019 . In 2019 , Hong Kong SAR ranked first among the Countries lowest the national debt levels ; it had an estimated debt of around 22.62 % of GDP.Japanese National debt , also known as national and government debt , is the debt owed by a nation 's central government . However , as a government draws in much of its income from its population , government debt is an indirect debt on taxpayers .","This bar chart has 20 categories for the x axis representing Country, and a y axis representing National debt in relation to GDP. The highest category is found at Kiribati where National debt in relation to GDP is 22.62. The lowest category is found at Hong Kong SAR where National debt in relation to GDP is 0.0.","This statistic shows the 20 countries with the highest employment in the travel and tourism industry worldwide in 2017 . According to the World travel & tourism Council , around 5.44 million people were employed in the U.S. travel and tourism industry .","The statistic shows the 20 countries with the lowest national debt in 2019 in relation to the gross domestic product ( GDP ) . The data refer to the debts of the entire state , including the central government , the provinces , municipalities , local authorities and social insurance . In 2019 , Russia 's estimated level of national debt reached about 16.49 percent of the GDP , ranking 10th of the countries with the lowest national debt .",Countries with the lowest national debt 2019,It mentions Japan National Debt but Japan is not on the chart,They flow but the content is not all relevant,This gives too much information that is not depicted in the chart,It does not explain what GDP stands for,false,true,true,false,false,true,false,true,false,false,false,false,true,false,true,false,false,false,false,false,false,false,false,false,false,false,Yes there are 20 countries and it shows each country's debt in relation to GDP,"No, Hong Kong SAR ranks at 0",This chart does not show this.  The summary expresses this statement,false,false,false,true,false,false,x,
3T2EL38U0MRIQ75B1IN1LQAF5OBQXX,3QLGZJY8K0PDNCUWBI5E8U8GGDD5X6,Evaluate the quality of a summary for a chart,A short survey to evaluate the quality of a summary for a chart,"survey, chart, summary, evaluation, machine learning, nlp, ml, ai, artificial intelligence",$0.08,Tue Aug 25 13:36:39 PDT 2020,1,BatchId:4163717;OriginalHitTemplateId:928390912;,3600,604800,Tue Sep 01 13:36:39 PDT 2020,,,33FOTY3KENT9TP8TF960VWDJ86V1CR,AOCZRH4QWLCMF,Submitted,Tue Aug 25 13:44:53 PDT 2020,Tue Aug 25 13:51:34 PDT 2020,Tue Sep 01 13:51:34 PDT 2020,,,,401,0% (0/0),0% (0/0),0% (0/0),https://chart2text.s3.amazonaws.com/532.png,"This graph depicts the total/average regular season attendance 2005 of the National Hockey League Carolina Sharks franchise of the National Hockey League Carolina League from the 2005/06 season to the 2018/19 season . In 2018/19 , the Total regular season attendance 2005 of the franchise was 587222 .",This line chart has 2 lines. The line representing Total attendance had the highest values across Year with a mean value of 595868.6. This peaked at 2006/07 with a value of 712861.0.  The line with the second highest values was Average attendance with a mean value of 15081.4. This line peaked at 2012/13 with a value of 17558.0,"This graph depicts the total/average regular season home attendance of the vancouver canucks franchise of the national hockey league from the 2005/06 season to the 2018/19 season . In 2018/19 , the total regular season home attendance of the franchise was 738918 .","This graph depicts the total/average regular season home attendance of the Carolina Hurricanes franchise of the National Hockey League from the 2005/06 season to the 2018/19 season . In 2018/19 , the total regular season home attendance of the franchise was 587,222 .",National Hockey League - Carolina Hurricanes home attendance 2005 to 2019,"The language, grammar, and sentence structure in the summary was not proper. It was very confusing to figure out what was being said and what things were meant to indicate.","There were many problems, as I said previously, with the grammar presented in this summary. This really needs to be modified in order to flow better and for people to be able to understand what is being advertised in the graph.","It is very concise in its nature, however, I feel that it is almost too concise. It is difficult to extract detailed information. This would be more of a summary view rather than an instructional one.","It is very informative to give viewers an indication of the numbers in relation to date, however, it would be valuable to have more recent dates and information present.",true,true,,true,true,false,false,false,false,false,false,false,false,false,false,false,false,true,true,false,false,false,false,false,false,,"Based on what I see, the graph does not depict any dates past 2012. Therefore your statement that this is inconsistent with your statement that it depicts from 2005 2019 is not in my opinion correct.","Based on what I can tell, the top of the spike is aligned with 2005 and that is well over 600,000 making this false.",,false,false,,false,false,,x,
3OEWW2KGQJI17PNEV5UL2ECNA6FODL,3EH3OJYIRZ5ZTNWNBAIXZJVBAX7YAA,Evaluate the quality of a summary for a chart,A short survey to evaluate the quality of a summary for a chart,"survey, chart, summary, evaluation, machine learning, nlp, ml, ai, artificial intelligence",$0.08,Wed Aug 26 09:25:16 PDT 2020,1,BatchId:4164674;OriginalHitTemplateId:928390912;,3600,604800,Wed Sep 02 09:25:16 PDT 2020,,,3SNLUL3WO5VI5QTXUA9J9H83DPFULY,A23BGNP50WTKI2,Submitted,Wed Aug 26 12:55:44 PDT 2020,Wed Aug 26 12:57:15 PDT 2020,Wed Sep 02 12:57:15 PDT 2020,,,,91,100% (2/2),100% (2/2),100% (2/2),https://chart2text.s3.amazonaws.com/556.png,"A majority of survey found that around 49 % of respondents aged Male to took Every_day to phone Several_times_a_day in the previous UK . The mobile does not require businesses to provide employees with paid phone leave , however bigger businesses must offer unpaid leave for medical issues . Laws regarding phone leave do vary making state .","This grouped bar chart has 7 categories for the x axis of Response representing Male, and Female. The highest category is found at Several times a day with a mean value of 47.5. The second highest category is found at Every day with a mean value of 22.5. This represents a difference of 71.4%.","This statistic shows the results of a survey among americans on their belief in the concepts of god , heaven and hell in 2014 . As of 2011 , about 75 percent of respondents believed in hell .","Figures covering the frequency of mobile phone use show a relatively even split among genders in the United Kingdom ( UK ) during 2019 . Males were slightly more likely to use their mobile phones to make calls several times a day , while less than one percent of female respondents reported never using a mobile phone to make calls . Mobile call volume increasing The volume of calls made using mobile phones has increased over the past several years .","Mobile phone usage : frequency of making mobile phone calls in the UK 2019 , by gender",another chart,correct,another chart,another chart,true,true,true,true,false,true,true,false,false,false,false,false,false,false,false,false,true,false,false,false,false,false,false,false,false,false,another chart,another chart,another chart,false,false,false,false,false,false,,
3X2LT8FDHWPXV30P5JAFXGB82GJW8Z,3QLGZJY8K0PDNCUWBI5E8U8GGDD5X6,Evaluate the quality of a summary for a chart,A short survey to evaluate the quality of a summary for a chart,"survey, chart, summary, evaluation, machine learning, nlp, ml, ai, artificial intelligence",$0.08,Tue Aug 25 13:36:37 PDT 2020,1,BatchId:4163717;OriginalHitTemplateId:928390912;,3600,604800,Tue Sep 01 13:36:37 PDT 2020,,,37KGEN7NJ4YV460Z5G3WGSUOA7DPPY,A3714KEID67MYO,Submitted,Tue Aug 25 16:43:56 PDT 2020,Tue Aug 25 16:51:29 PDT 2020,Tue Sep 01 16:51:29 PDT 2020,,,,453,0% (0/0),0% (0/0),0% (0/0),https://chart2text.s3.amazonaws.com/567.png,"This statistic shows Religious diversity in the North North America in 2010 , by share of Religious population . In 2010 , around 77 percentage of population , in North countries , identified as Hindu .","This bar chart has 7 categories for the x axis representing Religion, and a y axis representing Percentage of population. The highest category is found at Christians where Percentage of population is 77.0. The lowest category is found at Muslims where Percentage of population is 1.0.","This statistic shows religious diversity in the asia-pacific region in 2010 , by share of religious population . In 2010 , around 25 percent of population , in asia-pacific countries , identified as Hindu .","This statistic shows religious diversity in North America in 2010 , by share of religious population . In 2010 , about 77 percent of population were Christians .","Religious diversity in North America in 2010 , by religion",it may be neutral to my point of view,not bad english it is grammatical,cant belive,this may be true or false,false,false,,false,false,false,false,false,false,false,false,true,false,true,true,false,true,false,false,false,false,false,false,false,false,,this is shown statistical report,may be people who are coming from various countries had been settled in north countries,,false,false,,true,true,,x,
38LRF35D5L3Y225EY20IOBI01EH3UG,3QLGZJY8K0PDNCUWBI5E8U8GGDD5X6,Evaluate the quality of a summary for a chart,A short survey to evaluate the quality of a summary for a chart,"survey, chart, summary, evaluation, machine learning, nlp, ml, ai, artificial intelligence",$0.08,Tue Aug 25 13:36:39 PDT 2020,1,BatchId:4163717;OriginalHitTemplateId:928390912;,3600,604800,Tue Sep 01 13:36:39 PDT 2020,,,3AZHRG4CU5SL90RSQXRZOOQFX2203H,A23BGNP50WTKI2,Submitted,Tue Aug 25 14:44:43 PDT 2020,Tue Aug 25 14:48:45 PDT 2020,Tue Sep 01 14:48:45 PDT 2020,,,,242,0% (0/0),0% (0/0),0% (0/0),https://chart2text.s3.amazonaws.com/604.png,"Between 2014 and 2019 , the major supermarket chain Australia 's was the first choice in terms of Major countries . For the 12-week period ending 2014 26th , 2019 total Major expenditure in its mine amounted to approximately 7.1 billion British pounds . Over the period in consideration , Sainsbury 's and China ranked second and third respectively , while the difference in their Major expenditure was relatively minor .","This grouped bar chart has 8 categories for the x axis of Country representing 2014, 2016, 2018, and 2019. The highest category is found at Australia with a mean value of 32100.0. The second highest category is found at Chile with a mean value of 14625.0. This represents a difference of 74.8%.","This statistic shows the number of medium and heavy commercial vehicles that were registered in selected countries across europe in 2014 . In france , over 55,400 heavy commercial vehicles were registered in 2018 . Truck registrations in europe With over 94,400 , the leader of heavy commercial vehicle registrations within europe was germany .","This statistic depicts the countries with the largest mine production of lithium worldwide from 2014 to 2019 . For example , Australia 's lithium mine production came to approximately 42,000 metric tons in 2019 . Lithium is a soft alkali metal with uses in batteries , ceramics and glass , electronics , metallurgy , and more .",Major countries in lithium mine production 2014 to 2019,another information,Good grammar,another terms,no information in summary from chart,true,true,true,true,false,true,true,false,false,false,false,false,false,false,false,false,true,false,false,false,false,false,false,false,false,false,Chart is not about supermarkets,"There are no 7,1 billion in this chart",no supermarkets here in the chart,false,false,false,false,false,false,x,
3WPCIUYH1AFHKHSMRMGKWOIA9EWDTW,3EH3OJYIRZ5ZTNWNBAIXZJVBAX7YAA,Evaluate the quality of a summary for a chart,A short survey to evaluate the quality of a summary for a chart,"survey, chart, summary, evaluation, machine learning, nlp, ml, ai, artificial intelligence",$0.08,Wed Aug 26 09:25:16 PDT 2020,1,BatchId:4164674;OriginalHitTemplateId:928390912;,3600,604800,Wed Sep 02 09:25:16 PDT 2020,,,3DEL4X4EL7TUMTURIU9WNW93GNBXYY,A23BGNP50WTKI2,Submitted,Wed Aug 26 13:30:30 PDT 2020,Wed Aug 26 13:31:18 PDT 2020,Wed Sep 02 13:31:18 PDT 2020,,,,48,100% (2/2),100% (2/2),100% (2/2),https://chart2text.s3.amazonaws.com/638.png,"The Monthly retail sales beer one kilogram of wine in Canada was 1.89 Canadian dollars in 2019 . This sales remained relatively stable in 2019 , staying between 1.87 and 1.91 Canadian dollars per kilogram . Prices were higher in 2015 , with an Monthly cost of 1.87 dollars .","This grouped bar chart has 12 categories for the x axis of Month representing 2015, 2016, 2017, 2018, and 2019. The highest category is found at Feb with a mean value of 1.89. The second highest category is found at Jan with a mean value of 1.87. This represents a difference of 0.7%.","The average retail price for one kilogram of bananas in canada was 1.55 Canadian dollars in 2019 . This price remained relatively stable in 2019 , staying between 1.54 and 1.57 Canadian dollars per kilogram . Prices were higher in 2015 , with an average monthly cost of 1.7 dollars .","Retail sales of beer , wine and liquor stores reached approximately 2.01 billion Canadian dollars in February 2019 , an increase of around 80 million Canadian dollars compared to February in the previous year . Monthly sales have witnessed a steady increase over the past five years . Of these beverages , wine is the most popular among Canadians , followed by domestic and imported beer .","Monthly retail sales of beer , wine and liquor stores in Canada 2015 to 2019",incorrect explanation,mistakes,incorrect explanation,incorrect explanation,true,true,true,true,false,true,true,false,true,false,false,false,false,false,false,false,false,false,false,false,false,false,false,false,false,false,incorrect explanation,incorrect explanation,incorrect explanation,false,false,false,false,false,false,,
3XJOUITW8UYB9QWRW8M4WNP9SSNQTE,3QLGZJY8K0PDNCUWBI5E8U8GGDD5X6,Evaluate the quality of a summary for a chart,A short survey to evaluate the quality of a summary for a chart,"survey, chart, summary, evaluation, machine learning, nlp, ml, ai, artificial intelligence",$0.08,Tue Aug 25 13:36:38 PDT 2020,1,BatchId:4163717;OriginalHitTemplateId:928390912;,3600,604800,Tue Sep 01 13:36:38 PDT 2020,,,3IHR8NYAM899FDEG7WB8DUJTJAF4PI,A1U83HHDT4D15Y,Submitted,Tue Aug 25 14:52:30 PDT 2020,Tue Aug 25 15:05:42 PDT 2020,Tue Sep 01 15:05:42 PDT 2020,,,,792,0% (0/0),0% (0/0),0% (0/0),https://chart2text.s3.amazonaws.com/64.png,"The Dallas Cowboys have the highest fans Facebook millions during the 2019 of the National Football League . The franchise has an impressive win millions of 8.58 millions . On the other end of the spectrum , the Jacksonville Jaguars Pittsburgh Steelers find themselves in last place with a 2019 win millions of just 0.63 millions .","This bar chart has 32 categories for the x axis representing Team, and a y axis representing Facebook fans in millions. The highest category is found at Dallas Cowboys where Facebook fans in millions is 8.58. The lowest category is found at Jacksonville Jaguars where Facebook fans in millions is 0.63.","The dallas cowboys have the highest all-time winning percentage during the regular season of the National Football League . The franchise has an impressive win percentage of 57.3 percent . On the other end of the spectrum , the tampa bay buccaneers find themselves in last place with a regular season win percentage of just 38.5 percent .","With 8.58 million fans , the Dallas Cowboys have the most followed National Football League team account on Facebook . Second on the list are the New England Patriots , six-time winners of the Super Bowl . NFL on social media While the Cowboys lead the way on Facebook , over on Twitter , the New England Patriots have the largest following , while The Jacksonville Jaguars are bringing up the rear with the lowest amount of followers on the social media site .",NFL teams - number of Facebook fans 2019,describes the chart,good,value should be assumed by reader,chart gives detailed information,false,false,false,false,false,false,false,false,false,false,false,false,false,true,false,true,true,false,true,false,false,false,false,false,false,false,facebook fans is higher in chart,both summary and chart describes the same,chart shows the lower value,false,false,false,true,true,true,x,
31ODACBENUMAUQJC78HEMITNQA7QSP,3EH3OJYIRZ5ZTNWNBAIXZJVBAX7YAA,Evaluate the quality of a summary for a chart,A short survey to evaluate the quality of a summary for a chart,"survey, chart, summary, evaluation, machine learning, nlp, ml, ai, artificial intelligence",$0.08,Wed Aug 26 09:25:16 PDT 2020,1,BatchId:4164674;OriginalHitTemplateId:928390912;,3600,604800,Wed Sep 02 09:25:16 PDT 2020,,,3Y9N9SS8LZJF8KSM29FU3VAYR3GD3G,A23BGNP50WTKI2,Submitted,Wed Aug 26 12:12:43 PDT 2020,Wed Aug 26 12:13:20 PDT 2020,Wed Sep 02 12:13:20 PDT 2020,,,,37,100% (2/2),100% (2/2),100% (2/2),https://chart2text.s3.amazonaws.com/657.png,"The survey shows result of survey on Amount of Android_owners in U.S. by in the country as of 2016 . The results were split my respondents ' 2010 . During the survey , 19 of Afrian - respondents stated U.S. by did a Android_owners of potraying Android_owners .","This grouped bar chart has 3 categories for the x axis of Response representing Under $50, $50 - $100, $100 - $200, and $200 and up. The highest category is found at BlackBerry owners with a mean value of 23.5. The second highest category is found at iPhone owners with a mean value of 23.5. This represents a difference of 0.0%.","This statistic shows the results of a survey in 2014 among u.s. adults by gender on the most important issues to them in choosing a spouse or partner . During the survey , 46 percent of men were of the opinion that finding someone with a steady job would be very important to them in choosing a spouse or partner while 78 percent of women were of the opinion that finding someone with a steady job would be very important to them .",This statistic shows the results of a survey conducted in 2010 in the United States asking smartphone users how much they have spent on accessories for their cell phone . The survey revealed that 60 percent of Android owners spent under 50 U.S. dollars on accessories for their mobile phone .,Amount spent on smartphone accessories by U.S. consumers 2010,incorrect names and figures,correct,incorrect names and figures,incorrect names and figures,true,true,true,true,false,true,true,false,false,false,false,false,false,false,false,false,true,false,false,false,false,false,false,false,false,false,incorrect names and figures,incorrect names and figures,incorrect names and figures,false,false,false,false,false,false,,
3XJOUITW8UYB9QWRW8M4WNP9STLQTE,3EH3OJYIRZ5ZTNWNBAIXZJVBAX7YAA,Evaluate the quality of a summary for a chart,A short survey to evaluate the quality of a summary for a chart,"survey, chart, summary, evaluation, machine learning, nlp, ml, ai, artificial intelligence",$0.08,Wed Aug 26 09:25:16 PDT 2020,1,BatchId:4164674;OriginalHitTemplateId:928390912;,3600,604800,Wed Sep 02 09:25:16 PDT 2020,,,3EF8EXOTT23W13EZP1NMI0QEY3J1JA,A2UJ90W7LM1OUR,Submitted,Wed Aug 26 11:26:15 PDT 2020,Wed Aug 26 11:31:21 PDT 2020,Wed Sep 02 11:31:21 PDT 2020,,,,306,100% (1/1),100% (1/1),100% (1/1),https://chart2text.s3.amazonaws.com/666.png,"This statistic shows the Novartis ' spending research of development in Novartis 2017 and 2019 . In the first Company of 2019 , the ' spending research of development in Novartis the country was 7.62 U.S. dollars . In 2017 , there were 5.6 million international overnight visitors to Novartis .","This grouped bar chart has 3 categories for the x axis of Company representing 2017, 2018, and 2019. The highest category is found at Innovative Medicines with a mean value of 7.82. The second highest category is found at Sandoz with a mean value of 0.94. This represents a difference of 156.9%.","This statistic shows the distribution of the remote patient monitoring market in north America in 2008 and 2015 with a forecast for 2022 , by country , in million u.s. dollars . In 2015 , the remote patient monitoring market in the u.s. was valued at around 175 million dollars and was expected to grow to almost 536 million dollars by the year 2022 .","This statistic shows the expenditure on research and development of pharmaceutical company Novartis from 2017 to 2019 , by business segment . In 2016 and 2017 , in both years , the company spent around 7.6 billion U.S. dollars for research and development in the Innovative Medicines division .",Novartis ' spending on research and development by segment 2017 to 2019,"It's has some coherence problems, and it doesn't relate to chart.","There are some problematic constructions, like the repeating of the Novartis word and some unrelated words amid the summary.","It's concise, even though it doesn't relate to chart.",The summary contradicts the chart.,true,true,true,false,true,false,false,true,false,false,true,false,false,false,false,false,false,true,false,false,false,false,false,false,false,false,The chart show GDP from years 1984 to 2024.,The chart show GDP from years 1984 to 2024.,The chart show GDP from years 1984 to 2024.,false,false,false,false,false,false,,
3QXFBUZ4ZKNZWEH2TH7275795KJGU0,3EH3OJYIRZ5ZTNWNBAIXZJVBAX7YAA,Evaluate the quality of a summary for a chart,A short survey to evaluate the quality of a summary for a chart,"survey, chart, summary, evaluation, machine learning, nlp, ml, ai, artificial intelligence",$0.08,Wed Aug 26 09:25:16 PDT 2020,1,BatchId:4164674;OriginalHitTemplateId:928390912;,3600,604800,Wed Sep 02 09:25:16 PDT 2020,,,3TE22NPXPCKNQKSX9CJKAW8YSRE44C,A23BGNP50WTKI2,Submitted,Wed Aug 26 13:52:36 PDT 2020,Wed Aug 26 13:53:38 PDT 2020,Wed Sep 02 13:53:38 PDT 2020,,,,62,100% (2/2),100% (2/2),100% (2/2),https://chart2text.s3.amazonaws.com/667.png,"The Average retail price for one kilogram of ground in Canada was 12.41 Canadian dollars in 2019 . This price remained relatively stable in 2019 , staying between 11.93 and 12.2 Canadian dollars per kilogram . Prices were higher in 2015 , with an Average monthly cost of 11.93 dollars .","This grouped bar chart has 12 categories for the x axis of Month representing 2015, 2016, 2017, 2018, and 2019. The highest category is found at Apr with a mean value of 12.29. The second highest category is found at Sep with a mean value of 12.29. This represents a difference of 0.0%.","The average retail price for one kilogram of bananas in canada was 1.55 Canadian dollars in 2019 . This price remained relatively stable in 2019 , staying between 1.54 and 1.57 Canadian dollars per kilogram . Prices were higher in 2015 , with an average monthly cost of 1.7 dollars .","In Canada , one kilogram of ground beef cost an average 11.69 Canadian dollars in November 2019 . This price has fluctuated throughout the year , with a high of 11.67 dollars in October 2019 . Ground , otherwise known as minced , beef is often considered a cheaper and more versatile alternative to other cuts of beef .",Average retail price for ground beef in Canada 2015 to 2019,incorrect explanation,correct,incorrect explanation,incorrect explanation,true,true,true,false,false,false,true,true,false,true,false,false,false,false,false,false,true,false,false,false,false,false,false,false,false,false,incorrect explanation,incorrect explanation,incorrect explanation,false,false,false,false,false,false,,
3FBEFUUYRKCDKCEYBZHPVDIQ42R6AD,3QLGZJY8K0PDNCUWBI5E8U8GGDD5X6,Evaluate the quality of a summary for a chart,A short survey to evaluate the quality of a summary for a chart,"survey, chart, summary, evaluation, machine learning, nlp, ml, ai, artificial intelligence",$0.08,Tue Aug 25 13:36:39 PDT 2020,1,BatchId:4163717;OriginalHitTemplateId:928390912;,3600,604800,Tue Sep 01 13:36:39 PDT 2020,,,3X73LLYYQ2M3O4QY6OIZ3UN2O0RNHI,AR3P9BOOABKKC,Submitted,Tue Aug 25 15:38:56 PDT 2020,Tue Aug 25 15:50:23 PDT 2020,Tue Sep 01 15:50:23 PDT 2020,,,,687,0% (0/0),0% (0/0),0% (0/0),https://chart2text.s3.amazonaws.com/748.png,"The survey shows result of survey on Amount of Android_owners in U.S. by in the country as of 2016 . The results were split my respondents ' 2010 . During the survey , 19 of Afrian - respondents stated U.S. by did a Android_owners of potraying Android_owners .","This grouped bar chart has 3 categories for the x axis of Response representing Under $50, $50 - $100, $100 - $200, and $200 and up. The highest category is found at BlackBerry owners with a mean value of 23.5. The second highest category is found at iPhone owners with a mean value of 23.5. This represents a difference of 0.0%.","This statistic shows the results of a survey in 2014 among u.s. adults by gender on the most important issues to them in choosing a spouse or partner . During the survey , 46 percent of men were of the opinion that finding someone with a steady job would be very important to them in choosing a spouse or partner while 78 percent of women were of the opinion that finding someone with a steady job would be very important to them .",This statistic shows the results of a survey conducted in 2010 in the United States asking smartphone users how much they have spent on accessories for their cell phone . The survey revealed that 60 percent of Android owners spent under 50 U.S. dollars on accessories for their mobile phone .,Amount spent on smartphone accessories by U.S. consumers 2010,AS USUAL,BECAUSE  ON ITS DEMAND..,BECAUSE OF PRODUCT DAMAND DECREASING ...,BECAUSE THE RESPONSE WILL BE DECREASING AS WELL THE AMOUNT WILL BE SAME AS TO THE PRODUCT...,false,false,true,false,false,false,false,false,false,false,false,true,true,false,true,false,false,true,false,false,false,false,false,false,false,false,YES.,MAY BE...,YES...,true,true,false,false,false,false,,
3MQKOF1EE2V9CYWGMRLVJ8P9D7GWD5,3QLGZJY8K0PDNCUWBI5E8U8GGDD5X6,Evaluate the quality of a summary for a chart,A short survey to evaluate the quality of a summary for a chart,"survey, chart, summary, evaluation, machine learning, nlp, ml, ai, artificial intelligence",$0.08,Tue Aug 25 13:36:39 PDT 2020,1,BatchId:4163717;OriginalHitTemplateId:928390912;,3600,604800,Tue Sep 01 13:36:39 PDT 2020,,,32Q90QCQ1TTQWOETJAIDQZ9L2PWEKQ,A1WGBD0FTJPQXK,Submitted,Tue Aug 25 14:41:31 PDT 2020,Tue Aug 25 14:48:38 PDT 2020,Tue Sep 01 14:48:38 PDT 2020,,,,427,0% (0/0),0% (0/0),0% (0/0),https://chart2text.s3.amazonaws.com/786.png,"The statistic shows the distribution of Employment in Norway by economic sector from 2009 to 2019 . In 2019 , 2.02 % of the employees in Norway were active in the agricultural sector , 19.09 % in Industry and 78.89 % in the Services sector .",This line chart has 3 lines. The line representing Services had the highest values across Year with a mean value of 77.9. This peaked at 2019 with a value of 78.8.  The line with the second highest values was Industry with a mean value of 19.8. This line peaked at 2014 with a value of 20.4,"The statistic shows the distribution of employment in bhutan by economic sector from 2009 to 2019 . In 2019 , 16.4 percent of the employees in bhutan were active in the agricultural sector , 15.66 percent in industry and 67.94 percent in the service sector .","The statistic shows the distribution of employment in Norway by economic sector from 2009 to 2019 . In 2019 , 2.02 percent of the employees in Norway were active in the agricultural sector , 19.09 percent in industry and 78.89 percent in the service sector .",Employment by economic sector in Norway 2019,it went well with the chart,i could read it well,Very concise and simple,The summary clearly informs us of the reading of the chart,false,false,,false,false,false,false,false,false,false,false,false,false,false,false,true,true,true,true,false,false,false,false,false,false,,i got a better understanding of the chart from the summary,the summary really points out the facts of the chart,,false,false,,true,true,,x,
3NKW03WTLME3170LRDRFJ7W8WM5QW4,3QLGZJY8K0PDNCUWBI5E8U8GGDD5X6,Evaluate the quality of a summary for a chart,A short survey to evaluate the quality of a summary for a chart,"survey, chart, summary, evaluation, machine learning, nlp, ml, ai, artificial intelligence",$0.08,Tue Aug 25 13:36:39 PDT 2020,1,BatchId:4163717;OriginalHitTemplateId:928390912;,3600,604800,Tue Sep 01 13:36:39 PDT 2020,,,3NPFYT4IZDCU029ROONQGW2ZBDZGX5,AOQ9XI6S8HFK3,Submitted,Tue Aug 25 13:36:58 PDT 2020,Tue Aug 25 13:42:10 PDT 2020,Tue Sep 01 13:42:10 PDT 2020,,,,312,0% (0/0),0% (0/0),0% (0/0),https://chart2text.s3.amazonaws.com/818.png,"The Average retail price for one kilogram of regular in Canada was 109.7 Canadian dollars in 2019 . This price remained relatively stable in 2019 , staying between 106.0 and 106.5 Canadian dollars per kilogram . Prices were higher in 2015 , with an Average monthly cost of 106.0 dollars .","This grouped bar chart has 12 categories for the x axis of Month representing 2015, 2016, 2017, 2018, and 2019. The highest category is found at May with a mean value of 118.8. The second highest category is found at Jun with a mean value of 117.34. This represents a difference of 1.2%.","The average retail price for one kilogram of bananas in canada was 1.55 Canadian dollars in 2019 . This price remained relatively stable in 2019 , staying between 1.54 and 1.57 Canadian dollars per kilogram . Prices were higher in 2015 , with an average monthly cost of 1.7 dollars .","The average retail price for regular , unleaded gasoline at self-service stations in Canada was 114.5 Canadian cents per liter in December 2019 . Prices hitt a high of 1.3 dollars per liter in May 2019 . The average price in 2018 was around 1.26 dollars per liter , a substantial increase from an average of 1.07 dollars in 2015 .","Average retail price for regular , unleaded gasoline in Canada 2015 to 2019","The summary makes sense, it is just wrong.",I wasn't aware of any grammatical failures.,It doesn't drag on even if it is all wrong,the data in the summary is wrong,true,true,true,false,false,false,true,false,false,false,false,false,false,false,false,true,true,true,false,false,false,false,false,false,false,false,The chart shows monthly averages whereas the given sentence refers to a year as a whole.,the price was closer to 120 than 106,prices were generally quite low in 2015,false,false,false,false,false,false,x,
3I7KR83SNAK6E8PILXXQ91COZGQ9K5,3EH3OJYIRZ5ZTNWNBAIXZJVBAX7YAA,Evaluate the quality of a summary for a chart,A short survey to evaluate the quality of a summary for a chart,"survey, chart, summary, evaluation, machine learning, nlp, ml, ai, artificial intelligence",$0.08,Wed Aug 26 09:25:16 PDT 2020,1,BatchId:4164674;OriginalHitTemplateId:928390912;,3600,604800,Wed Sep 02 09:25:16 PDT 2020,,,3E337GFOLAGPO8VNMI0HIUB19CLGN7,A23BGNP50WTKI2,Submitted,Wed Aug 26 12:07:26 PDT 2020,Wed Aug 26 12:08:11 PDT 2020,Wed Sep 02 12:08:11 PDT 2020,,,,45,100% (2/2),100% (2/2),100% (2/2),https://chart2text.s3.amazonaws.com/846.png,"This graph depicts the total/average regular season attendance 2005 of the National Hockey League Carolina Sharks franchise of the National Hockey League Carolina League from the 2005/06 season to the 2018/19 season . In 2018/19 , the Total regular season attendance 2005 of the franchise was 587222 .",This line chart has 2 lines. The line representing Total attendance had the highest values across Year with a mean value of 595868.6. This peaked at 2006/07 with a value of 712861.0.  The line with the second highest values was Average attendance with a mean value of 15081.4. This line peaked at 2012/13 with a value of 17558.0,"This graph depicts the total/average regular season home attendance of the vancouver canucks franchise of the national hockey league from the 2005/06 season to the 2018/19 season . In 2018/19 , the total regular season home attendance of the franchise was 738918 .","This graph depicts the total/average regular season home attendance of the Carolina Hurricanes franchise of the National Hockey League from the 2005/06 season to the 2018/19 season . In 2018/19 , the total regular season home attendance of the franchise was 587,222 .",National Hockey League - Carolina Hurricanes home attendance 2005 to 2019,incorrect figures and names,correct,incorrect figures and names,incorrect figures and names,true,true,,true,false,true,true,false,false,false,false,false,false,false,false,false,true,false,false,false,false,false,false,false,false,,incorrect figures and names,incorrect figures and names,,false,false,,false,false,,,
3AXFSPQOYQ5K4YAD6YX6IIYMNPLJF8,3EH3OJYIRZ5ZTNWNBAIXZJVBAX7YAA,Evaluate the quality of a summary for a chart,A short survey to evaluate the quality of a summary for a chart,"survey, chart, summary, evaluation, machine learning, nlp, ml, ai, artificial intelligence",$0.08,Wed Aug 26 09:25:16 PDT 2020,1,BatchId:4164674;OriginalHitTemplateId:928390912;,3600,604800,Wed Sep 02 09:25:16 PDT 2020,,,3L4D84MIL0075EZDRQQ7AN6LFR0HJ8,A23BGNP50WTKI2,Submitted,Wed Aug 26 10:50:06 PDT 2020,Wed Aug 26 10:51:04 PDT 2020,Wed Sep 02 10:51:04 PDT 2020,,,,58,100% (2/2),100% (2/2),100% (2/2),https://chart2text.s3.amazonaws.com/875.png,"The statistic shows the Johnson Johnson Johnson & from 2024 to 2012 . In 2019 , Johnson & in Immunology was the worldwide lowest at 11.69 % and rose to 7.87 % in 2012 . As of that Year , Anti-infectives had the highest Johnson & among individuals with 3.19 % of the population accessing the Johnson .",This line chart has 5 lines. The line representing Oncology had the highest values across Year with a mean value of 83.8. This peaked at 2019 with a value of 988.0.  The line with the second highest values was Immunology with a mean value of 10.8. This line peaked at 2019 with a value of 12.4,"This statistic shows the total medicaid value of marriott international hotels worldwide from 2010 to 2019 , by region . The average daily rate of marriott hotels in north america was 202.75 U.S. dollars in 2019 .","This statistic shows the revenue share of Johnson & Johnson 's pharmaceuticals segment worldwide from 2012 to 2024 , by product category . Johnson & Johnson is a multi-national company , specialized on pharmaceuticals , medical devices and consumer goods . The company is headquartered in New Brunswick , New Jersey .",Revenue of Johnson & Johnson 's pharmaceuticals segment worldwide 2012 to 2024,incorrect meaning,a lot of mistakes,incorrect meaning,incorrect meaning,true,true,true,true,false,true,true,false,true,false,false,false,false,false,false,false,false,false,false,false,false,false,false,false,false,false,incorrect meaning,incorrect meaning,incorrect meaning,false,false,false,false,false,false,,
31S7M7DAGGX0ITGE43E8F1QFIM0LTK,3QLGZJY8K0PDNCUWBI5E8U8GGDD5X6,Evaluate the quality of a summary for a chart,A short survey to evaluate the quality of a summary for a chart,"survey, chart, summary, evaluation, machine learning, nlp, ml, ai, artificial intelligence",$0.08,Tue Aug 25 13:36:38 PDT 2020,1,BatchId:4163717;OriginalHitTemplateId:928390912;,3600,604800,Tue Sep 01 13:36:38 PDT 2020,,,3H8DHMCCWAJL4I0TNF7TKHR02DRKDZ,A1ZZINLCZZYOH4,Submitted,Tue Aug 25 14:34:26 PDT 2020,Tue Aug 25 14:43:14 PDT 2020,Tue Sep 01 14:43:14 PDT 2020,,,,528,0% (0/0),0% (0/0),0% (0/0),https://chart2text.s3.amazonaws.com/891.png,"This graph depicts the Average ticket price for Tampa Bay Buccaneers games in Major League Baseball from 2006 to 2019 . In 2019 , the Average ticket price was at 82.59 U.S. dollars .","This line chart has an x axis representing Year and a y axis representing Average ticket price in U.S. dollars, with a total of 13 data points. The chart has 4 significant trends. The longest trend is slightly negative which exists from 2013 to 2008. On the contrary, the next significant trend is moderately positive which exists from 2019 to 2015. In a similar manner, the next significant trend is moderately neutral which exists from 2015 to 2013. In a similar manner, the next significant trend is extremely positive which exists from 2008 to 2006.","This graph depicts the average ticket price for los angeles ( St. Louis ) rams games in the National Football League from 2006 to 2019 . In 2019 , the average ticket price was at 118.09 u.s. dollars .","This graph depicts the average ticket price for Tampa Bay Buccaneers games in the National Football League from 2006 to 2019 . In 2019 , the average ticket price was at 82.59 U.S. dollars .",Average ticket price of the Tampa Bay Buccaneers 2006 to 2019,It clearly shows relation between ticket price and year.,Sentences are easy to read and understand.,Easy to get ticket price yearwiese,Charts show yearwise average ticket price.,false,false,,false,false,false,false,false,false,false,false,false,false,false,false,true,true,true,true,false,false,false,false,false,false,,Graph show average ticket price in us dollar in line chart,It may be read from line chart,,false,false,,true,true,,x,
3T5ZXGO9DEV7V25Q20BMIBQQDO9QZU,3QLGZJY8K0PDNCUWBI5E8U8GGDD5X6,Evaluate the quality of a summary for a chart,A short survey to evaluate the quality of a summary for a chart,"survey, chart, summary, evaluation, machine learning, nlp, ml, ai, artificial intelligence",$0.08,Tue Aug 25 13:36:39 PDT 2020,1,BatchId:4163717;OriginalHitTemplateId:928390912;,3600,604800,Tue Sep 01 13:36:39 PDT 2020,,,3DH6GAKTYZXJROU6JCXHKHPEO9RYZM,A38RMJBVTCZ2UC,Submitted,Tue Aug 25 13:50:35 PDT 2020,Tue Aug 25 13:55:03 PDT 2020,Tue Sep 01 13:55:03 PDT 2020,,,,268,0% (0/0),0% (0/0),0% (0/0),https://chart2text.s3.amazonaws.com/945.png,"This forecast shows the number of Qdoba in from 2011 to 2017 . For 2015 , the number of Qdoba in is estimated to reach 339 million , and could reach almost 341 million by 2017 . The number of Qdoba worldwide is predicted to rise around 2.32 million in 2015 and could increase to 2.71 million by 2017 .",This line chart has 2 lines. The line representing Franchise had the highest values across Year with a mean value of 329.7. This peaked at 2017 with a value of 341.0.  The line with the second highest values was Company-owned with a mean value of 320.1. This line peaked at 2017 with a value of 385.0,"This statistic shows the number of Major League Baseball players in the united from 2014 to 2017 . In 2017 , the number of participants ( aged six years and older ) in the united kingdom ( uk ) and the number of individuals has been quite stable with a flu on the previous year .","Fast casual restaurant chain Qdoba Mexican Eats had a total of 726 restaurants in 2017 . Of these , 385 were company-owned restaurants and 341 were franchised . This figure steadily increased over the course of the last four years , reaching its peak in 2017 .",Number of Qdoba restaurants from 2011 to 2017,the complete data is given,It seems very fluent,Own analysis,Own analysis,false,false,false,false,false,false,false,false,false,false,false,false,false,false,false,false,false,true,true,true,true,false,false,false,false,false,It seems in the given chart,Yes it is in the description,Yes it is in the description,false,false,false,true,true,true,x,
3THR0FZ95P0K51B68MS9LRKSJEJOL1,3QLGZJY8K0PDNCUWBI5E8U8GGDD5X6,Evaluate the quality of a summary for a chart,A short survey to evaluate the quality of a summary for a chart,"survey, chart, summary, evaluation, machine learning, nlp, ml, ai, artificial intelligence",$0.08,Tue Aug 25 13:36:37 PDT 2020,1,BatchId:4163717;OriginalHitTemplateId:928390912;,3600,604800,Tue Sep 01 13:36:37 PDT 2020,,,37WLF8U1WQYMJ9LEDSZFEBH8LRB6K0,A3SPAKCKZC3V7C,Submitted,Tue Aug 25 14:46:01 PDT 2020,Tue Aug 25 14:52:32 PDT 2020,Tue Sep 01 14:52:32 PDT 2020,,,,391,0% (0/0),0% (0/0),0% (0/0),https://chart2text.s3.amazonaws.com/953.png,"The statistic shows the Average of the player age in European Union member states and other selected European countries in 2018 , in years . Among these 33 countries Costa Rica has the longest player age in participating at 29.6 years . Average player age of the 2018 World Cup squads - additional information There were a total of 736 players across 32 teams in the World Cup , picked from domestic leagues in 52 countries .","This bar chart has 32 categories for the x axis representing Country, and a y axis representing Average player age in years. The highest category is found at Costa Rica where Average player age in years is 29.6. The lowest category is found at Nigeria where Average player age in years is 25.9.","The statistic shows a ranking of the participating national teams at the 2014 FIFA world cup in brazil by average age of players . The average age of the germany squad for the world cup in brazil is 26.3 years . average player age of the 2014 world cup squads - additional information There were a total of 736 players across 32 teams in the world cup , picked from domestic leagues in 52 countries .","While Costa Rica might have crashed out of the 2018 World Cup in the first round having finished bottom of their group , they were able to claim the title of the oldest average team . Their squad had an average age of 29.6 years , almost four years older than the squad of Nigeria , who had the youngest squad at the tournament . France 's stars bring home the trophyFrance 's squad was full of superstars such as Kylian Mbappé , Paul Pogba , and Antoine Griezmann , making it the most expensive squad assembled at the 2018 World Cup .",Average player age of participating national teams at the 2018 World Cup in Russia,The statements make sense and are easy to understand.,English is my first language and the summary was easy to understand,The statements in the paragraph are consise but more information could have been provided.,If you didnt see the chart you would have very little information about the ages of players in other countries.,false,false,false,false,false,false,false,false,false,false,true,false,false,true,false,true,true,false,false,false,false,false,false,false,false,false,The paragraph states this in a different sentance structure.,The longest bar is Costa Rica and the number represented is 29.6.,The paragraph stated this information.,false,false,false,true,true,true,x,
3MWOYZD5WVVAT1ERKZ8OYJOHO9JON3,3QLGZJY8K0PDNCUWBI5E8U8GGDD5X6,Evaluate the quality of a summary for a chart,A short survey to evaluate the quality of a summary for a chart,"survey, chart, summary, evaluation, machine learning, nlp, ml, ai, artificial intelligence",$0.08,Tue Aug 25 13:36:39 PDT 2020,1,BatchId:4163717;OriginalHitTemplateId:928390912;,3600,604800,Tue Sep 01 13:36:39 PDT 2020,,,352YTHGROWLH2WGSOJ334LH2XIA4HG,A38RMJBVTCZ2UC,Submitted,Tue Aug 25 13:45:05 PDT 2020,Tue Aug 25 13:50:35 PDT 2020,Tue Sep 01 13:50:35 PDT 2020,,,,330,0% (0/0),0% (0/0),0% (0/0),https://chart2text.s3.amazonaws.com/96.png,"The statistic shows the distribution of Employment in Sweden by economic sector from 2009 to 2019 . In 2019 , 1.79 % of the employees in Sweden were active in the agricultural sector , 17.81 % in Industry and 80.39 % in the service sector .",This line chart has 3 lines. The line representing Services had the highest values across Year with a mean value of 79.1. This peaked at 2019 with a value of 80.3.  The line with the second highest values was Industry with a mean value of 18.8. This line peaked at 2009 with a value of 20.1,"The statistic shows the distribution of employment in bhutan by economic sector from 2009 to 2019 . In 2019 , 33.5 percent of the employees in bhutan were active in the agricultural sector , 15.66 percent in industry and 67.94 percent in the service sector .","The statistic shows the distribution of employment in Sweden by economic sector from 2009 to 2019 . In 2019 , 1.79 percent of the employees in Sweden were active in the agricultural sector , 17.81 percent in industry and 80.39 percent in the service sector .",Employment by economic sector in Sweden 2019,No data except 2019,Own Observation,Own Perception,My observation,false,false,,true,false,false,false,false,false,false,false,false,false,false,true,false,false,true,false,false,true,false,false,true,false,,Data given for 2019 alone,"Yes, It was given.",,false,false,,false,true,,x,
3D7VY91L654KSP4I4TO2FKZICLOMBX,3EH3OJYIRZ5ZTNWNBAIXZJVBAX7YAA,Evaluate the quality of a summary for a chart,A short survey to evaluate the quality of a summary for a chart,"survey, chart, summary, evaluation, machine learning, nlp, ml, ai, artificial intelligence",$0.08,Wed Aug 26 09:25:17 PDT 2020,1,BatchId:4164674;OriginalHitTemplateId:928390912;,3600,604800,Wed Sep 02 09:25:17 PDT 2020,,,3IJXV6UZ1YROZXTA5DH1CQTRPKCRI4,A26Z3YPJ8RYJQJ,Submitted,Wed Aug 26 09:26:35 PDT 2020,Wed Aug 26 09:28:56 PDT 2020,Wed Sep 02 09:28:56 PDT 2020,,,,141,100% (1/1),100% (1/1),100% (1/1),https://chart2text.s3.amazonaws.com/97.png,"This forecast shows the number of Qdoba in from 2011 to 2017 . For 2015 , the number of Qdoba in is estimated to reach 339 million , and could reach almost 341 million by 2017 . The number of Qdoba worldwide is predicted to rise around 2.32 million in 2015 and could increase to 2.71 million by 2017 .",This line chart has 2 lines. The line representing Franchise had the highest values across Year with a mean value of 329.7. This peaked at 2017 with a value of 341.0.  The line with the second highest values was Company-owned with a mean value of 320.1. This line peaked at 2017 with a value of 385.0,"This statistic shows the number of Major League Baseball players in the united from 2014 to 2017 . In 2017 , the number of participants ( aged six years and older ) in the united kingdom ( uk ) and the number of individuals has been quite stable with a flu on the previous year .","Fast casual restaurant chain Qdoba Mexican Eats had a total of 726 restaurants in 2017 . Of these , 385 were company-owned restaurants and 341 were franchised . This figure steadily increased over the course of the last four years , reaching its peak in 2017 .",Number of Qdoba restaurants from 2011 to 2017,it was easy to understand,I didn't notice any errors,all information appears to be contained,I was able to answer the questions and had the dates and estimations,false,false,false,true,false,false,false,false,false,false,false,false,false,false,false,false,false,false,false,false,true,true,true,false,false,false,It is contained on the right hand side by the summary,is contained on the right hand side by the summary,is contained on the right hand side by the summary,false,false,false,true,true,true,,
3BKZLF990Z67QCVL6E9344HO7U5QY3,3QLGZJY8K0PDNCUWBI5E8U8GGDD5X6,Evaluate the quality of a summary for a chart,A short survey to evaluate the quality of a summary for a chart,"survey, chart, summary, evaluation, machine learning, nlp, ml, ai, artificial intelligence",$0.08,Tue Aug 25 13:36:39 PDT 2020,1,BatchId:4163717;OriginalHitTemplateId:928390912;,3600,604800,Tue Sep 01 13:36:39 PDT 2020,,,3L4PIM1GQUOAPX8F9V34YENFFS5YRQ,A27TJ4WJ4VRR0E,Submitted,Tue Aug 25 13:42:00 PDT 2020,Tue Aug 25 13:52:45 PDT 2020,Tue Sep 01 13:52:45 PDT 2020,,,,645,0% (0/0),0% (0/0),0% (0/0),https://chart2text.s3.amazonaws.com/991.png,"The statistic shows the number of Senate composition from 116th Congress 2019 to 98th Congress 1983 . In 98th Congress 1983 , there were a Democrat of 46 unprovoked Senate on humans composition . 54 of these unprovoked Senate were Republican .",This line chart has 3 lines. The line representing Republican had the highest values across Year with a mean value of 49.7. This peaked at 109th Congress 2005 with a value of 55.0.  The line with the second highest values was Democrat with a mean value of 49.3. This line peaked at 103d Congress 1993 with a value of 57.0,"This statistic shows the number of pay tv and IPTV subscribers in germany from 2006 to 2013 . In the most recent measured period , the number of online users that year with roughly 4.86 million .",This graph shows the composition of the U.S. Senate by political party affiliation since 1983 . The 116th Congress consists of 45 Democratic and 53 Republican senators .,U.S. Senate - composition by political party affiliation 1983 to 2019,THE CONNECTIONS BETWEEN SENTENCES ARE COHERENT,IT IS IN FLUENT,THE SUMMARY IS CONCISE,"IT GIVES ALL INFO ABOUT DEMOCRATIC ,REPUBLICAN  AND OTHERS",false,false,false,false,false,false,false,false,false,false,false,false,false,false,false,true,true,true,true,false,false,false,false,false,false,false,THE FACTS ARE MENTIONED IN THE SUMMARY,YES THE FACTS ARE MENTIONED IN THE SUMMARY,"YES,THE SUMMARY WAS GOOD",false,false,false,true,true,true,x,
